rounds_band,version,players,retention_1,retention_7
0,gate_30,1937,0.021166752710376872,0.008260196179659268
0,gate_40,2057,0.02236266407389402,0.006319883325230919
1-9,gate_30,14898,0.11592160021479393,0.01805611491475366
1-9,gate_40,15345,0.11619420006516781,0.018246985988921473
10-19,gate_30,7129,0.3690559685790433,0.06256136905596858
10-19,gate_40,7403,0.3644468458732946,0.05875996217749561
20-29,gate_30,4080,0.5622549019607843,0.11348039215686274
20-29,gate_40,4071,0.5578481945467944,0.09997543601080816
30-39,gate_30,3090,0.6401294498381876,0.15728155339805824
30-39,gate_40,2786,0.6611629576453697,0.1568557071069634
40-49,gate_30,2237,0.7246312025033527,0.22217255252570406
40-49,gate_40,1991,0.7177297840281266,0.197388247112004
50-99,gate_30,5161,0.8095330362332881,0.37531486146095716
50-99,gate_40,5488,0.7922740524781341,0.328899416909621
100-199,gate_30,3539,0.8765187906188189,0.6092116417066968
100-199,gate_40,3705,0.8744939271255061,0.6116059379217273
200+,gate_30,2629,0.9364777481932294,0.8489920121719285
200+,gate_40,2643,0.9315172152856602,0.8486568293605751
